id,text
1,"I absolutely love this new phone! The camera quality is incredible 📱✨"
2,"Just had the worst customer service experience ever. Never buying again! 😡"
3,"The weather today is partly cloudy with temperatures around 72°F"
4,"This movie was a masterpiece! The acting was phenomenal 🎬❤️"
5,"So disappointed with this restaurant. Cold food and slow service 👎"
6,"Excited to announce our new AI product launch! 🚀🎉"
7,"Climate change continues to be a global challenge with rising temperatures"
8,"My rescue puppy learned to sit! She is the most adorable thing ever 🐶💕"
9,"Traffic is terrible today. Been stuck for 2 hours on the highway 😤"
10,"Just finished a really interesting book about machine learning"
11,"Best vacation ever! The beaches were absolutely stunning 🏖️😍"
12,"This software update broke everything. Total disaster 💻😠"
13,"The quarterly report shows 5% revenue growth over last year"
14,"Won first place in the science fair! Hard work pays off 🏆🎉"
15,"This product is a complete scam. Don't waste your money 🚫"
16,"Volunteered at the shelter today and it was so rewarding ❤️"
17,"The new gym equipment is rusty and unsafe. Management doesn't care 😡"
18,"Just got promoted! All those late nights finally paid off 🎊"
19,"Worst pizza I've ever had. Soggy crust and barely any toppings 🍕😒"
20,"Watching the sunset with loved ones. Life is beautiful 🌅💛"
